uuid,data_generating_centre,epirr_id,Mean_CpG_Coverage,BS_conversion_Rate,GC_cov_Correlation
2110cdcf-b319-4def-9957-f2decf99d694,BLUEPRINT,IHECRE00000004.3,52.36,1,0.35
150f6503-c7ab-44fb-a903-ebf1b17b2625,BLUEPRINT,IHECRE00000008.3,30.2,1,0.42
0cc882b9-8b8a-47a0-a3b9-c7e93a064919,BLUEPRINT,IHECRE00000013.3,29.15,1,0.4
5f3f06d0-a02c-442d-b1e7-2f8f5ce3749c,BLUEPRINT,IHECRE00000014.2,29.78,1,0.43
8e67dc03-9ec7-44ad-b29e-5f8ae6fd6378,BLUEPRINT,IHECRE00000016.3,29.16,0.98,0.42
42f5ce34-deb7-4ac0-b9e4-302f2814e3a0,BLUEPRINT,IHECRE00000019.3,37.66,1,0.42
cc8b1943-96f3-497f-bd99-83c84c228e98,BLUEPRINT,IHECRE00000022.3,35.59,1,0.4
cd6fa223-5c5c-4293-8a6b-25eed4ad5550,BLUEPRINT,IHECRE00000024.3,35.81,1,0.4
d7bd1bfe-5d6c-4be1-bc9b-094a6266714f,BLUEPRINT,IHECRE00000027.3,53.94,1,0.4
6ab91028-2769-4fb9-94bb-137da86c2735,BLUEPRINT,IHECRE00000034.3,34.28,1,0.39
fadda90c-701d-4d69-b4ae-9a9af8d0c915,BLUEPRINT,IHECRE00000043.3,29.38,0.97,0.42
ddf1b990-2a4f-4019-a988-de526c2abc94,BLUEPRINT,IHECRE00000045.3,30.83,1,0.4
ac9478e6-dade-4c0b-814e-7abd3b0f5112,BLUEPRINT,IHECRE00000048.3,56.52,1,0.34
edd0742f-4dc4-48e3-a0e0-a74c90d5c4ca,BLUEPRINT,IHECRE00000051.3,36.29,1,0.44
a13c3b27-1cad-463a-9f2b-a023b60700e7,BLUEPRINT,IHECRE00000053.3,51.56,1,0.36
781f245e-f91b-424c-a30d-a4183339f467,BLUEPRINT,IHECRE00000054.3,34.97,1,0.42
6bc6f0c2-79ba-4bae-bd7d-f0e99697d044,BLUEPRINT,IHECRE00000055.3,35.36,1,0.41
182c7e63-941c-448e-9a84-d75fe1647c26,BLUEPRINT,IHECRE00000059.3,27.17,1,0.4
a713bee9-910c-48a7-80c9-37560c997dae,BLUEPRINT,IHECRE00000060.3,34.7,1,0.4
19ab7aad-31db-4235-b87b-bfe2889dc501,BLUEPRINT,IHECRE00000070.3,37.14,1,0.43
5c4e62a5-7f52-4d66-a91f-b23c7611212e,BLUEPRINT,IHECRE00000071.3,34.22,1,0.42
db988cd3-7729-4143-9707-fcc161fc407a,BLUEPRINT,IHECRE00000076.3,29.54,0.98,0.41
fe8c5f2b-ecd9-4169-ba89-b52097de9963,BLUEPRINT,IHECRE00000084.3,28.18,0.98,0.41
e3164a9c-d529-4586-bc73-c1e35513aacc,BLUEPRINT,IHECRE00000087.3,39.12,1,0.41
7c1e66be-3bba-496e-8dd1-dca2aefa4fb2,BLUEPRINT,IHECRE00000090.3,60.82,1,0.41
e23b1aa2-ed5c-4ed6-80c7-a376a2aaf1cd,BLUEPRINT,IHECRE00000094.3,64.64,1,0.41
35ee7402-c2cb-48aa-a6c8-5700463441d3,BLUEPRINT,IHECRE00000095.3,62.71,1,0.42
b4afda21-249c-4afc-a8cd-d11d322f91a0,BLUEPRINT,IHECRE00000096.3,44.67,1,0.33
8b6b0344-dace-4a50-b688-dd8a0735ac5e,BLUEPRINT,IHECRE00000099.3,30.28,1,0.4
6d7d6c61-baf0-41be-9592-d4ea052f685a,BLUEPRINT,IHECRE00000101.3,89.94,1,0.4
4e9fd09d-70b1-4411-a14b-22f15815039b,BLUEPRINT,IHECRE00000104.2,55.93,1,0.42
01fe5279-f471-41c8-afbe-88a52f784217,BLUEPRINT,IHECRE00000105.3,35.15,1,0.39
3e7b6be6-ec40-47d4-a333-074495e0114e,BLUEPRINT,IHECRE00000109.3,42.73,1,0.24
c557a1be-7ab4-4547-b9b1-12de86560a12,BLUEPRINT,IHECRE00000112.3,35.54,1,0.41
6de69a11-3877-42aa-823d-dd0268c5a092,BLUEPRINT,IHECRE00000118.3,35.91,1,0.45
f611d9c9-9fc7-4246-8e16-e30c881cd9d5,BLUEPRINT,IHECRE00000119.2,51.68,1,0.39
cd60d225-f45f-4d16-98f2-5d3ec24845a6,BLUEPRINT,IHECRE00000121.3,33.4,1,0.4
d50bb794-9152-497f-977b-585150c55e47,BLUEPRINT,IHECRE00000124.3,64.41,1,0.41
75ac012e-221a-40e8-83c7-29a854cd5bc6,BLUEPRINT,IHECRE00000126.3,33.02,1,0.42
39fdb2bf-817d-462c-93c2-7e4b80c3d5f6,BLUEPRINT,IHECRE00000128.3,32.53,1,0.4
e1c8805b-c7d8-432c-a71f-ce99c408384e,BLUEPRINT,IHECRE00000129.3,30.64,1,0.4
b08a51b4-98bb-457d-9c7e-a00afdcdb200,BLUEPRINT,IHECRE00000133.3,29.6,1,0.39
5171d7e1-3c2e-4208-a8cd-3bf67c7cc0c6,BLUEPRINT,IHECRE00000142.3,50.16,1,0.43
fa41bc5e-eb0b-430c-b795-1c2828f9c879,BLUEPRINT,IHECRE00000145.2,53.06,1,0.41
c0bbaa07-ca39-4e5e-a89a-2a211991e742,BLUEPRINT,IHECRE00000147.3,37.16,1,0.42
9d913c88-e335-4d34-b721-6022436c6358,BLUEPRINT,IHECRE00000152.3,30.37,1,-0.13
40ed51a4-23f1-42ca-a85f-7b28527b76d3,BLUEPRINT,IHECRE00000153.3,31.46,1,-0.17
596b82e2-f509-481f-b242-f043d71fe3cb,BLUEPRINT,IHECRE00000155.3,99.63,1,0.37
238415ed-6959-478d-bfee-1ef3c5eb5853,BLUEPRINT,IHECRE00000158.3,31.43,1,0.42
4b19cade-c4ac-44c9-9077-bbfd856f16b8,BLUEPRINT,IHECRE00000159.3,48.99,1,0.41
d953cb78-c4bd-4dea-bfc4-ba42ead78ce4,BLUEPRINT,IHECRE00000160.3,36.9,1,0.41
ab7cb639-ecd3-42ac-8ad6-849b1c3925e0,BLUEPRINT,IHECRE00000161.3,32.72,0.98,0.42
e2151202-4d59-4de4-98bc-6cc0a85c4de2,BLUEPRINT,IHECRE00000168.3,44.15,1,0.4
d1e461ff-fa49-46d5-ad33-4137c3cb40d4,BLUEPRINT,IHECRE00000171.3,30.08,1,0.4
73f81a47-8c88-47c5-8e6c-3a5578301c24,BLUEPRINT,IHECRE00000174.3,31.07,1,0.41
2323f224-0551-4d6c-983d-4b0eb778cb53,BLUEPRINT,IHECRE00000176.3,24.76,1,0.46
4a59e98c-3e26-4804-b7ba-03988d438f13,BLUEPRINT,IHECRE00000177.3,37.04,1,0.43
12a46cc9-068c-49a6-b4bd-0e97a2e0af21,BLUEPRINT,IHECRE00000184.3,34.94,1,0.4
bba4f49d-245a-42d3-b685-a1f540dcfcdf,BLUEPRINT,IHECRE00000186.3,8.16,1,0.31
01fbb36e-a7f9-4593-a7d1-5cdbb4388ba0,BLUEPRINT,IHECRE00000187.3,32.06,1,0.38
0ee187ba-4b36-4c94-a454-487e765359a9,BLUEPRINT,IHECRE00000188.3,29.09,1,-0.14
0760a99b-c08a-42dd-8151-0106b25f784f,BLUEPRINT,IHECRE00000193.3,38.88,1,0.4
20f97021-bbcb-4355-976a-7ebf757a268d,BLUEPRINT,IHECRE00000194.3,35.78,1,0.42
5268e353-f434-412e-8299-ac0cca9ebf82,BLUEPRINT,IHECRE00000195.3,39.07,1,0.44
0391f6b8-a08b-4911-9024-3d4cc1304a8f,BLUEPRINT,IHECRE00000248.2,30.93,1,0.45
29eee247-ac33-4373-be83-abfd2b3cab88,BLUEPRINT,IHECRE00000250.2,52.71,1,0.37
62f351fe-e08f-4fca-9614-2af00295935d,BLUEPRINT,IHECRE00000255.2,32.48,1,0.43
69cdfe94-6f24-4c0c-9f55-b71bd88a5fd2,BLUEPRINT,IHECRE00000256.2,29.87,1,0.42
e49048dc-725a-4781-87eb-0ac83ef34caf,BLUEPRINT,IHECRE00000259.2,35.15,1,0.42
6fb291b0-bb40-4ff1-b8d0-f2dfddcf8bdc,BLUEPRINT,IHECRE00000260.2,30.86,1,0.42
fc3231fa-389a-435d-9e44-2989d358e491,BLUEPRINT,IHECRE00000261.2,34.85,1,0.42
1cc492b2-f437-4840-b93f-f12812441b9f,BLUEPRINT,IHECRE00000264.2,11.66,1,-0.25
6811d5c8-6d9b-4969-b8d1-3329c07fdfb6,BLUEPRINT,IHECRE00000265.2,29.65,1,0.41
12cec31d-3484-4a9b-a8b6-9d249ad7e506,BLUEPRINT,IHECRE00000267.2,53.92,1,0.4
5a6d3b59-6432-4484-9df2-e0143f3cea89,BLUEPRINT,IHECRE00000270.2,53.04,1,0.38
602085eb-05b2-499c-9e83-dbb20e067d56,BLUEPRINT,IHECRE00000274.2,38.34,1,0.42
a1127f73-bf4c-4ae1-b088-7a39d132809a,BLUEPRINT,IHECRE00000276.2,32.67,1,0.44
ca5ca315-b73c-470f-82c5-9440234d72eb,BLUEPRINT,IHECRE00000277.2,51.14,1,0.36
ca16ab0f-96ef-4394-bf82-94b67623922a,BLUEPRINT,IHECRE00000279.2,30.83,1,-0.1
bc64df79-d94c-42cb-8e2d-d1d68eb218a9,BLUEPRINT,IHECRE00000281.2,14.67,1,-0.12
7f67273c-22a5-4a1a-aee0-8086eabdc75c,BLUEPRINT,IHECRE00000283.2,52.62,1,0.46
2ac81fc1-acb6-41e5-82c3-3be293859d66,BLUEPRINT,IHECRE00000284.2,27.95,1,0.36
b3c05fe2-9a27-46dc-abec-5782f6370869,BLUEPRINT,IHECRE00000285.2,31,1,0.43
ab058f02-0618-4796-9a7a-d2c4b7b754b5,BLUEPRINT,IHECRE00000290.2,26.31,1,-0.11
b66c6b3f-aecb-434c-b598-6626114d38cb,BLUEPRINT,IHECRE00000293.2,43.5,1,0.38
c26f3fd7-456b-4024-8620-98c38804d853,BLUEPRINT,IHECRE00000297.2,27.02,1,-0.1
1cae1694-320e-431b-a996-d0ca7309bc0b,BLUEPRINT,IHECRE00000298.2,26.95,1,-0.02
0f1d40b1-5656-4ba2-9e32-05583a34c4ae,BLUEPRINT,IHECRE00000301.2,29.79,1,0.42
e9aa17fd-ed78-4768-8aef-06128189514a,BLUEPRINT,IHECRE00000303.2,52.67,1,0.39
4370a104-dcea-4c25-9ab1-aa9a60cf1742,BLUEPRINT,IHECRE00000304.2,34.98,1,0.42
2da6bd36-84bc-412f-b093-ba9c25372714,BLUEPRINT,IHECRE00000306.2,31,1,0.42
0f33d19c-13f1-4160-84f2-bf13cd59bc3e,BLUEPRINT,IHECRE00000308.2,34.22,1,0.42
dbadba48-c0a3-4537-a40d-4baefd4e2127,BLUEPRINT,IHECRE00000309.2,28.22,1,0.4
f843aa8a-d707-4c0e-b2bc-cdd705b3c658,BLUEPRINT,IHECRE00000310.2,28.11,1,0.41
b1d03f07-274e-4ae9-ba27-db7ed9577abf,BLUEPRINT,IHECRE00000314.2,34.33,1,0.45
d284bae3-6d8e-443a-afec-86e7bb741c4c,BLUEPRINT,IHECRE00000315.2,28.29,1,0.41
f4b47bc2-a394-4858-8678-538dc8187981,BLUEPRINT,IHECRE00000316.2,54.41,1,0.38
7fc0c057-f4b7-4ad4-b78b-d95547a4425b,BLUEPRINT,IHECRE00000317.2,32.58,1,0.44
772f8c24-349d-411e-89ee-365ee8b061d3,BLUEPRINT,IHECRE00000318.2,38.22,1,0.43
5a3b6a6a-0b48-4fc5-bbf6-f282bfe8a423,BLUEPRINT,IHECRE00000321.2,30.98,1,0.42
756649ac-3ff5-4e66-abf7-82b2991c856a,BLUEPRINT,IHECRE00000324.2,33.45,1,0.4
e81fd736-32cb-4813-9e2a-fc1c48c0ee0b,BLUEPRINT,IHECRE00000330.2,31.05,1,0.45
22a1a430-10b0-464c-a3c3-2b9a9d2c97d7,BLUEPRINT,IHECRE00000332.2,51.16,1,0.43
ce5bff08-ddfc-41ac-a1bf-6470db374b57,BLUEPRINT,IHECRE00000335.2,51.52,1,0.44
fb5b2c7c-510c-4f1e-bb47-d046dd70c803,BLUEPRINT,IHECRE00000336.2,30.72,1,0.44
5e6c2c9e-045c-4feb-b2fe-8ce7eaab91b7,BLUEPRINT,IHECRE00000337.2,2.9,1,0.2
b55327b5-46bf-4ed1-a61c-730ae037ef7f,BLUEPRINT,IHECRE00000339.2,29.78,1,0.42
92d8175e-0cbc-499a-8b25-bf1078b24dac,BLUEPRINT,IHECRE00000341.2,26.06,1,0.45
3d0fdf41-1aeb-4d08-af70-b62bc6fd6b51,BLUEPRINT,IHECRE00000343.2,30.41,1,0.43
7a302cd1-c6e5-44b3-8dbe-5ffc913f25e6,BLUEPRINT,IHECRE00000345.2,31.28,1,0.4
dd9600be-2d3c-4ea0-991e-2ff63ec4c659,BLUEPRINT,IHECRE00000346.2,40.83,1,0.41
eab45b46-c830-4358-965c-12c454a94539,BLUEPRINT,IHECRE00000347.2,33.19,1,0.41
8f1517f6-24fe-4162-bd08-99689d612ed6,BLUEPRINT,IHECRE00000348.2,30.04,1,0.43
bb463dba-fe0d-4427-80db-0ac71aa19f1e,BLUEPRINT,IHECRE00000351.2,38.12,1,0.42
4d1320e1-7d6d-4a9f-8bc9-04bd83554474,BLUEPRINT,IHECRE00000353.2,32.48,1,0.43
1b6f9499-e7e5-4d33-a6ba-3ba2af00cef3,BLUEPRINT,IHECRE00000354.2,49.77,1,0.44
e977b61e-8318-4069-bc9b-a0d2ec2495b2,BLUEPRINT,IHECRE00001246.1,51.92,1,0.38
3549ad42-f62a-439a-a732-1a9640712ac3,BLUEPRINT,IHECRE00001249.1,24.49,1,0.34
1c949f62-383d-444c-b8f7-e230401ade17,BLUEPRINT,IHECRE00001265.1,6.64,NA,-0.6
aa5353c9-16b6-47e7-a188-a67e91e1f196,BLUEPRINT,IHECRE00001306.1,52.96,1,0.33
29b6007a-87bb-416c-98ad-7337bcb10f87,BLUEPRINT,IHECRE00001311.1,27.71,1,-0.19
c94e1b85-bf1c-4798-93a1-c5df076c182a,BLUEPRINT,IHECRE00001315.1,26.93,1,-0.09
14838ee1-17ad-4424-aff9-0680204e46fe,BLUEPRINT,IHECRE00001320.1,31.94,1,0.42
46355a17-cb8e-42ff-9573-4a5546739db0,BLUEPRINT,IHECRE00001326.1,53.93,1,0.37
fdd2066d-3af1-4cad-9e6e-39a008ed8cc9,BLUEPRINT,IHECRE00001330.1,6.19,NA,-0.57
2966b21e-86d5-420d-8d2d-6d03f1b2e4ca,BLUEPRINT,IHECRE00001335.1,52.69,1,0.38
8c4a7698-f302-471b-acf0-02af079d32ce,BLUEPRINT,IHECRE00001356.1,5.91,NA,-0.59
fbc05bf4-7632-45d9-bb4c-4f99da4e05a4,BLUEPRINT,IHECRE00001361.1,9.64,1,0.35
f4aa8268-3910-4e02-bb2b-e4d3684174ab,BLUEPRINT,IHECRE00001367.1,6.09,NA,-0.55
d5bd5229-5aaf-4cd7-8b8e-b3579c6f6a2c,BLUEPRINT,IHECRE00001375.1,37.81,1,0.47
f7d5b24a-a8e6-405f-8ff0-d31c6ca313ba,BLUEPRINT,IHECRE00001376.1,26.71,1,0.5
55809655-6c48-44a7-9580-9340a6eb5e72,BLUEPRINT,IHECRE00001378.1,54.87,1,0.38
c364a829-92a2-408d-9078-22c6a0d41163,BLUEPRINT,IHECRE00001379.1,27.41,1,0.01
8624b7b6-5098-4bc9-aba9-d1cd2aa655bd,BLUEPRINT,IHECRE00001384.1,28.53,1,0.42
3d8bcfe9-9e11-4662-ac8f-288981d8028c,BLUEPRINT,IHECRE00001386.1,5.64,NA,-0.58
4fb3ce94-fe45-43fe-befa-338f9dbbaee0,BLUEPRINT,IHECRE00001387.1,24.96,1,0.36
6574932c-8258-4798-b975-30c49a18f5b2,BLUEPRINT,IHECRE00001412.1,7.49,1,-0.23
5e4cb6bc-b6a6-4814-9269-8d4429a708f0,BLUEPRINT,IHECRE00001415.1,5.43,NA,-0.54
5ddc2510-24cc-4302-85e4-068014af2f4b,BLUEPRINT,IHECRE00001439.1,27.07,1,-0.04
3a7c1474-67e9-422c-b6f8-12802316ae11,BLUEPRINT,IHECRE00001447.1,27.23,1,-0.08
dc7b8e04-be25-4732-8558-dea12801e482,BLUEPRINT,IHECRE00001453.1,27.26,1,-0.15
50076dc0-f60f-4361-86ef-90fff74ae494,BLUEPRINT,IHECRE00001456.1,3.5,1,-0.07
a1e0794d-ee34-4d2e-b0f1-7d16d8ed1973,BLUEPRINT,IHECRE00001457.1,26.3,1,-0.15
734f2226-e96a-45e8-b686-60f7c1c07707,BLUEPRINT,IHECRE00001458.1,28.64,1,-0.13
02715e2e-7a18-4e2f-a4c1-fbf37aa913fb,BLUEPRINT,IHECRE00001460.1,26.07,1,-0.11
b7a232bf-c172-4052-9ba3-47242744091f,BLUEPRINT,IHECRE00001467.1,27.48,1,-0.11
583d5d54-dcc4-4128-9e72-b2acbd0f465b,BLUEPRINT,IHECRE00001471.1,24.48,1,0.32
36e654d6-95c0-486d-b185-97bdc6ec5576,BLUEPRINT,IHECRE00001482.1,54.87,1,0.38
fa6ab577-192d-4e8b-98cc-487c457ba254,BLUEPRINT,IHECRE00001486.1,37.51,1,0.47
6f4b244e-700b-437b-8b22-5c5b8f80e923,BLUEPRINT,IHECRE00001488.1,28.95,1,-0.1
98a2e3b8-3161-4afe-ac97-54b6ab9c64f5,BLUEPRINT,IHECRE00001490.1,26.08,1,0.34
0b608243-a817-4864-a9e6-d5ee0da98cc7,BLUEPRINT,IHECRE00001497.1,6.38,NA,-0.56
94812a65-520e-4857-a9d4-58c783c1a20d,BLUEPRINT,IHECRE00001498.1,6.52,1,0.32
b065fe73-7db0-4115-baea-8ede7048a7b6,BLUEPRINT,IHECRE00001508.1,52.07,1,0.37
a7ff489d-be47-432e-ab5d-66c0c49bf0c9,BLUEPRINT,IHECRE00001517.1,30.46,1,-0.17
1e5d27a3-f50b-407c-bf28-5f847c4c5c4e,BLUEPRINT,IHECRE00001518.1,53.25,1,0.38
5088140e-359c-4cb7-b96a-f68b7338411b,BLUEPRINT,IHECRE00001526.1,26.33,1,-0.02
18da0ebc-e7ed-4cf3-a48f-294511f0eb34,BLUEPRINT,IHECRE00001546.1,26.4,1,-0.19
1f1b67ee-4f2a-456c-9eb2-3629aef67330,BLUEPRINT,IHECRE00001548.1,26.87,1,-0.15
b9aee69d-0ad0-491f-852d-534c497a6377,BLUEPRINT,IHECRE00001549.1,32.72,1,-0.11
bbdb02bf-0774-4d91-9153-f4104984ea88,BLUEPRINT,IHECRE00001552.1,5.88,NA,-0.57
602e16a9-529b-4855-9beb-ee00f753fe08,BLUEPRINT,IHECRE00001555.1,26.54,1,-0.15
50f8bb9f-da3c-4af5-9ccb-e39c5b9fef0c,BLUEPRINT,IHECRE00001557.1,56.23,1,0.41
e2c19349-7f85-4941-a21f-567471017e1c,BLUEPRINT,IHECRE00002734.1,2.31,NA,0.26
1f393a98-2aa3-4bde-b340-9fae52af6e93,BLUEPRINT,IHECRE00002735.1,1.84,NA,0.21
a510d6b9-bbf9-486b-af15-1f451d659752,BLUEPRINT,IHECRE00002736.1,1.64,NA,0.16
5902fe1d-709a-4fa1-b311-abce24f1a320,BLUEPRINT,IHECRE00002737.1,2.13,NA,0.23
49cc5ac2-61c6-442a-86ed-67a9369f1fdc,BLUEPRINT,IHECRE00002738.1,2.21,NA,0.23
2674a3b0-3ac4-4bf8-9705-345820bf023f,BLUEPRINT,IHECRE00002739.1,1.63,NA,0.17
71f57b85-2ad0-43f3-99b9-ac053e457e47,BLUEPRINT,IHECRE00002740.1,2.08,NA,0.23
f46a0918-500b-445a-991e-97604d644c38,BLUEPRINT,IHECRE00002741.1,2.13,NA,0.22
97da48c9-ac72-4ec1-93ba-9a38b45c3af6,BLUEPRINT,IHECRE00002742.1,2.09,NA,0.21
75f29c96-c734-4934-8d9a-8b2e37fcd959,BLUEPRINT,IHECRE00002743.1,5.4,0.2,0.3
49e150ef-44a0-4c8e-bd97-e11018335bda,BLUEPRINT,IHECRE00002744.1,4.21,NA,0.33
125f2537-8c94-420e-a53f-85aed72f4359,BLUEPRINT,IHECRE00002745.1,3.47,NA,0.3
7aaf6e9f-dc43-4a75-a716-d39ccacdd0ef,BLUEPRINT,IHECRE00002747.1,5.65,-0.01,0.26
5485a363-3ba9-415e-a68f-5046c37e6525,BLUEPRINT,IHECRE00002748.1,3.37,0.61,0.3
68fec6d5-f2ca-4bf0-9fbf-edb604028865,BLUEPRINT,IHECRE00002749.1,3.39,NA,0.32
c5e81f31-74dc-450d-9801-9328c5b44126,BLUEPRINT,IHECRE00002753.1,4.87,0.17,0.26
012bdb6c-61f3-4b68-b072-422a1d68bb2a,BLUEPRINT,IHECRE00002754.1,3.13,NA,0.29
54ca4aa5-7906-4487-a07b-d587b6822076,BLUEPRINT,IHECRE00002755.1,3.65,NA,0.32
5d5796b7-dbf8-4384-bc45-21113700926a,BLUEPRINT,IHECRE00002756.1,1.83,NA,0.18
ddd9764d-8b6a-481a-bada-4f546f9f6c7e,BLUEPRINT,IHECRE00002758.1,1.83,NA,0.19
9f023844-e53f-46a5-b30d-c884f3511196,BLUEPRINT,IHECRE00002759.1,4.63,-0.02,0.23
a16eab74-9624-4cdd-a654-6db124d0b306,BLUEPRINT,IHECRE00002760.1,3.79,NA,0.32
e8237496-dd58-41e7-a6d6-c47ca84ddde3,BLUEPRINT,IHECRE00002761.1,3.18,NA,0.29
f6a4bb1f-4ac4-415b-8564-5347db82618c,BLUEPRINT,IHECRE00002763.1,1.37,NA,0.1
66c77f1e-9c9b-4d8c-bf7f-72f5386700e2,BLUEPRINT,IHECRE00002764.1,1.68,NA,0.1
1fd19b58-c835-4a83-8092-6f3e32b2cafb,BLUEPRINT,IHECRE00002765.1,1.85,NA,0.15
4fa9ecc4-6c40-4d71-96cd-3e41aa484d2b,BLUEPRINT,IHECRE00002766.1,1.71,NA,0.14
6dcf5c27-a706-4d5a-b982-8de91b787dc6,BLUEPRINT,IHECRE00002768.1,2.64,NA,0.25
a4c9ea2e-c0e5-4f71-a20f-7264f91749c6,BLUEPRINT,IHECRE00002769.1,1.63,NA,0.12
dc23150d-6460-4379-8cb1-5674cf662a18,BLUEPRINT,IHECRE00002770.1,1.43,-0.04,0.12
9fa74177-c1d7-47a1-ae75-dbc23c61f188,BLUEPRINT,IHECRE00002771.2,1.78,NA,0.13
6cc17bf7-5697-4cc6-8fbf-28cbefea4a45,BLUEPRINT,IHECRE00002773.1,1.52,0.8,0.1
31a9b11b-0dca-4169-81c2-e0038a733b4f,BLUEPRINT,IHECRE00002774.1,1.71,NA,0.11
a1926d90-464d-4cb9-ba78-cc1ca402d484,BLUEPRINT,IHECRE00002776.1,1.88,0.42,0.14
5aa53126-8ab9-478a-8de4-5df16a622ec4,BLUEPRINT,IHECRE00002777.1,1.51,NA,0.15
4cc86e3a-0e8f-4db7-8445-210dfcba95a5,BLUEPRINT,IHECRE00002778.1,2.4,NA,0.23
121a3d8f-24eb-492a-92d8-071517c331f3,BLUEPRINT,IHECRE00002779.1,3.33,NA,0.3
60ba7125-3ff5-428e-bc64-961c6d133a60,BLUEPRINT,IHECRE00002780.1,3.72,NA,0.32
19363733-2539-49c9-bd1c-3ffd962e6975,BLUEPRINT,IHECRE00002781.1,3.85,0.94,0.32
d9e5daf1-f774-4e0d-b3e6-fc52099dc45b,BLUEPRINT,IHECRE00002784.1,3.39,NA,0.31
24c42106-f6ba-4671-b8ec-d5ac5ba87dc4,BLUEPRINT,IHECRE00002785.1,2.38,NA,0.22
60bcf224-aa4b-459d-8d6d-14e378eba4f3,BLUEPRINT,IHECRE00002786.1,3.33,NA,0.3
cc1b8209-3cd1-4ed2-878a-891d24611af1,BLUEPRINT,IHECRE00002788.1,3.04,0.73,0.27
2cbf699b-f4f9-43a4-8d56-82cea03e2497,BLUEPRINT,IHECRE00002789.1,3.4,0.8,0.29
b00a7b11-8722-4ace-89ab-170def0bf391,BLUEPRINT,IHECRE00002790.1,3.01,0.69,0.29
ab3faf21-157c-4864-9cc1-8fec866b0b38,BLUEPRINT,IHECRE00002792.1,2.53,NA,0.27
30612e78-ad7c-4ed4-93ab-98119dd8141e,BLUEPRINT,IHECRE00002793.1,2.37,NA,0.25
d22dc758-0f62-4aa5-983e-a235ebfaa5e4,BLUEPRINT,IHECRE00002794.1,1.85,NA,0.2
cc92990d-ee3d-4b57-acd9-00742915170b,BLUEPRINT,IHECRE00002795.1,2.47,NA,0.2
f7cfff25-5a98-4ee6-a7e6-e377683a3595,BLUEPRINT,IHECRE00002796.1,4.89,0.25,0.31
91b3af06-2ee6-4cc6-bb3b-9cd8b0c5b5b6,BLUEPRINT,IHECRE00002797.1,2.88,0.94,0.27
8382cfaa-985f-480c-b4b8-c244437bc61e,BLUEPRINT,IHECRE00002798.1,2.57,NA,0.23
5f12cbaa-5ef8-4baa-8f83-e4584065a799,BLUEPRINT,IHECRE00002799.1,2.87,NA,0.28
a491d24a-b826-4c92-b684-c9f43bd1c1fe,BLUEPRINT,IHECRE00002800.1,2.29,NA,0.21
98c57a27-ff9e-4696-8571-73cbb4f51664,BLUEPRINT,IHECRE00002801.1,2.44,NA,0.2
51498151-6855-4333-a889-aaa3e5b02e4c,BLUEPRINT,IHECRE00002804.1,3.11,NA,0.26
3b85d946-0147-477d-8c6c-7a4243682526,BLUEPRINT,IHECRE00002805.1,2.21,NA,0.25
aa90b84d-45ce-42a6-a80a-6b9c3b943da4,BLUEPRINT,IHECRE00002806.1,2.24,NA,0.26
e18efc4d-cd84-4990-b912-1c7db555f91c,BLUEPRINT,IHECRE00002807.1,2.13,NA,0.21
7c84225b-b89a-4275-8de3-528e3a3a79ea,BLUEPRINT,IHECRE00002808.1,1.79,NA,0.21
465d01b7-7ddd-4cee-9825-cfa0a8e3ada8,BLUEPRINT,IHECRE00002809.1,1.73,NA,0.19
847b7efc-e44a-4182-a711-287f8ec245ec,BLUEPRINT,IHECRE00002810.1,1.63,NA,0.15
40e2b84e-18fc-4f52-925f-c35af2f9e611,CEEHRC_[CEMT],IHECRE00000001.4,17.83,1.00,-0.56
084797f0-5490-4787-974c-768050dd5a40,CEEHRC_[CEMT],IHECRE00000221.3,21.55,0.99,-0.66
1dedaf74-6066-4480-b515-3c8f31e3ff2b,CEEHRC_[CEMT],IHECRE00000222.3,21.64,0.99,-0.66
d3ee884d-e0e6-44a8-bdab-76499f986b3e,CEEHRC_[CEMT],IHECRE00000223.3,19.77,0.99,-0.62
2db4dd6f-f6ce-4361-b8d8-8adc85a35db8,CEEHRC_[CEMT],IHECRE00000224.3,19.99,0.99,-0.67
d1ee0082-d238-41c7-b171-6f45a10af559,CEEHRC_[CEMT],IHECRE00000225.3,17.21,1.00,-0.59
6f1c1ed1-b79a-4665-9614-9915941b6e69,CEEHRC_[CEMT],IHECRE00000226.3,22.37,0.99,-0.70
db706ed4-9b3e-48dc-8667-e30a0fd8eb2c,CEEHRC_[CEMT],IHECRE00000227.3,17.69,1.00,-0.43
466e447c-c203-45ce-9440-ba516a2852e9,CEEHRC_[CEMT],IHECRE00000228.3,22.25,0.99,-0.64
ecdceba8-c1d9-456b-8787-68ce3e6ac006,CEEHRC_[CEMT],IHECRE00000229.3,23.16,0.99,-0.65
8c39aa36-2480-48dc-95d8-8cbfc77a0a7d,CEEHRC_[CEMT],IHECRE00000230.3,23.50,0.99,-0.67
3ace5faf-5984-491c-bfc0-ca11d6cdd111,CEEHRC_[CEMT],IHECRE00000231.3,20.06,0.99,-0.65
6e495d84-4975-4c1a-8008-c2a6d4e4bd73,CEEHRC_[CEMT],IHECRE00000232.3,26.12,0.99,-0.70
2125a9da-f56f-427d-a40a-acc9948df2f2,CEEHRC_[CEMT],IHECRE00000233.3,24.12,0.99,-0.67
5cafd173-836d-47b3-911a-bc9aa9129896,CEEHRC_[CEMT],IHECRE00000234.3,25.92,0.99,-0.66
eeba955a-6470-4378-9ed8-11dae9d5ef83,CEEHRC_[CEMT],IHECRE00000235.3,22.11,1.00,-0.65
39fea9e9-f02c-493d-962c-4652e35da82d,CEEHRC_[CEMT],IHECRE00000236.3,26.69,0.99,-0.71
c2e9c910-8b06-4d6e-a7f0-0000c142fb66,CEEHRC_[CEMT],IHECRE00000237.3,24.51,0.99,-0.67
a6cc13eb-1d2a-4db6-b109-7a38f5f569b5,CEEHRC_[CEMT],IHECRE00000238.3,24.08,0.99,-0.68
deb2458b-5516-4b7b-a6b8-795d6b998c35,CEEHRC_[CEMT],IHECRE00000239.3,13.51,0.99,-0.60
bf68e2a6-3ac2-4f57-870e-02c3397e77fc,CEEHRC_[CEMT],IHECRE00000240.3,22.95,0.92,-0.68
668c32eb-1be7-4510-b9ea-859f3c556255,CEEHRC_[CEMT],IHECRE00000241.3,22.34,0.99,-0.68
cde780ca-936c-4a07-8c2f-7c7d0891aa70,CEEHRC_[CEMT],IHECRE00000242.3,22.82,0.99,-0.65
eb7df1fe-04de-43f5-ba07-5d786685b800,CEEHRC_[CEMT],IHECRE00000243.3,24.36,0.99,-0.63
d218e2c1-620c-4596-9d9f-08f3398d93e7,CEEHRC_[CEMT],IHECRE00000244.3,23.77,0.99,-0.68
0796d24d-d7ea-4141-ab1b-e4e5f1d0c349,CEEHRC_[CEMT],IHECRE00000246.3,26.17,0.99,-0.69
a2daa720-9744-464a-8260-9266159d6698,CEEHRC_[CEMT],IHECRE00000247.3,19.48,0.99,-0.68
601cc4ea-0081-4494-8760-33a697d28ef6,CEEHRC_[CEMT],IHECRE00001002.4,17.67,0.99,-0.57
1c9fc650-a80e-41e5-b2a8-3fa9c18d72b3,CEEHRC_[CEMT],IHECRE00001003.4,22.54,0.99,-0.64
dee8e7f0-d0af-4199-a929-318827045e9b,CEEHRC_[CEMT],IHECRE00001004.4,6.51,0.99,-0.6
4891cc8a-745e-4427-8b75-f075e0f335e7,CEEHRC_[CEMT],IHECRE00001005.4,22.20,0.99,-0.61
f2519d7b-a68c-4cd2-8a95-e3966b6870fa,CEEHRC_[CEMT],IHECRE00001006.4,20.72,0.99,-0.64
e3b985b2-f499-463c-988c-978074806081,CEEHRC_[CEMT],IHECRE00001007.4,21.23,0.99,-0.61
19a7122d-0c33-4164-97f8-16fd9755e87a,CEEHRC_[CEMT],IHECRE00001008.4,20.91,0.99,-0.63
a7e5d2f9-b570-4cad-8ac3-67c22fd6c577,CEEHRC_[CEMT],IHECRE00001009.4,21.93,0.99,-0.62
9ced4ca6-8d23-4767-bbd1-43edf05d8fe9,CEEHRC_[CEMT],IHECRE00001010.4,8.21,0.99,-0.61
b7f32ed4-e340-41f2-898e-2f8f09469e28,CEEHRC_[CEMT],IHECRE00001011.4,9.4,1,-0.52
c16c0dff-e008-4ce6-8ee2-6d1a17834a65,CEEHRC_[CEMT],IHECRE00001012.4,18.03,0.99,-0.59
a99e3b30-0783-429b-9d71-157652fe5fc4,CEEHRC_[CEMT],IHECRE00001013.4,17.25,0.99,-0.57
430dd5be-7f53-41ee-ad1d-51f64baabafa,CEEHRC_[CEMT],IHECRE00001014.4,17.90,0.99,-0.58
48ed3979-a3ec-45a3-8800-332b67bc2558,CEEHRC_[CEMT],IHECRE00001015.4,22.94,0.99,-0.63
751b8ae8-16c8-4a76-8037-c86ce38ba7c6,CEEHRC_[CEMT],IHECRE00001016.4,18.96,0.99,-0.59
c3ac25f4-4ae1-4be6-bd4d-21389dd14d5b,CEEHRC_[CEMT],IHECRE00001017.4,19.57,0.99,-0.60
62a9fd2b-4f44-43b6-81f6-51c297f55d94,CEEHRC_[CEMT],IHECRE00001018.4,21.33,0.99,-0.60
1db9085a-b961-4011-b940-b05ecb79a2dd,CEEHRC_[CEMT],IHECRE00001019.4,20.50,0.99,-0.64
84bdcced-7e3a-48f5-9241-171ca618cb85,CEEHRC_[CEMT],IHECRE00001020.4,20.39,0.99,-0.60
44561005-0f48-47de-b748-1a93f7bbbe0e,CEEHRC_[CEMT],IHECRE00001021.4,22.39,0.99,-0.64
3e8cd7ae-4c22-4089-aa8a-27a83bb4c615,CEEHRC_[CEMT],IHECRE00001022.4,21.67,0.99,-0.61
22c41ce8-0710-42db-a10b-8f23231aa2d7,CEEHRC_[CEMT],IHECRE00001232.5,34.83,1.00,-0.60
4cf6d82f-46f5-49b1-a1ff-63a17bdd3b8b,CEEHRC_[CEMT],IHECRE00001233.5,34.09,1.00,-0.64
ca94b4eb-f6aa-4d57-a837-07ad90f8fde0,CEEHRC_[CEMT],IHECRE00001234.5,34.19,1.00,-0.65
dfe5cde4-a47f-4e2b-b2e6-f7eaeb22db3a,CEEHRC_[CEMT],IHECRE00001235.5,30.41,1.00,-0.66
80c8157f-089b-4465-8a3c-78f2e59e76e6,CEEHRC_[CEMT],IHECRE00001236.5,34.28,1.00,-0.66
1587f315-e514-4f8a-ac84-55f3192d9f94,CEEHRC_[CEMT],IHECRE00003660.4,21.50,0.99,-0.69
7300f119-a271-46f7-8bfd-b133ad46b604,CEEHRC_[CEMT],IHECRE00003675.3,25.22,0.99,-0.51
4d008d3f-a668-4d5d-a2a1-b3fc3c69eadb,CEEHRC_[CEMT],IHECRE00003676.3,40.34,0.91,0.19
e6c21c22-d673-44a9-99bd-ba9c55b34b90,CEEHRC_[CEMT],IHECRE00003677.3,22.18,0.99,-0.56
2377d9a3-1b84-4645-9b66-1e4fc62e5965,CEEHRC_[CEMT],IHECRE00003678.3,21.31,0.99,-0.64
f95e9d69-b592-4f3c-9e4d-79a5580a8396,CEEHRC_[CEMT],IHECRE00003679.3,22.62,0.99,-0.56
ba29354a-7757-45e4-b714-d721c5675d80,CEEHRC_[CEMT],IHECRE00003680.3,22.87,0.99,-0.50
cc22d86e-c0f7-4c44-b497-3faef4f13ecb,CEEHRC_[CEMT],IHECRE00003682.3,23.99,0.99,-0.47
c02c6ade-b387-4938-986c-1af27bb4284a,CEEHRC_[CEMT],IHECRE00003683.3,29.62,0.99,-0.48
41a5c3de-b9db-421c-acc2-9e32c9ffccc9,CEEHRC_[CEMT],IHECRE00003684.3,24.28,1.00,-0.60
da569982-a5b7-4de1-9cbf-8cf0fd7f04c9,CEEHRC_[CEMT],IHECRE00003685.2,26.95,1.00,-0.51
c4e865ac-f2bf-41ae-b897-6ef77f3ca5a9,CEEHRC_[CEMT],IHECRE00003686.3,25.79,1.00,-0.52
16a6cd8a-f5ea-4e2b-b577-c7e8791afc22,CEEHRC_[CEMT],IHECRE00003687.3,20.43,0.99,-0.68
845bd167-b0f1-4c79-893a-d36e5e510921,CEEHRC_[CEMT],IHECRE00003688.3,19.71,0.98,-0.66
b8447f34-0309-49e6-ba7e-6a721350b243,CEEHRC_[CEMT],IHECRE00003689.3,19.68,0.99,-0.68
8703ccf1-2604-4042-aa7f-0e10c68acee8,CEEHRC_[CEMT],IHECRE00003690.3,22.43,0.99,-0.62
e4e8e6cf-7d8a-4b6f-a944-02a221ad8e17,CEEHRC_[CEMT],IHECRE00003691.3,21.17,0.99,-0.64
940484e0-b895-494b-a33a-ac7f388ac65d,CEEHRC_[CEMT],IHECRE00003692.4,21.98,0.99,-0.58
42b5a621-11af-45aa-a599-a982d0ddba73,CEEHRC_[CEMT],IHECRE00003693.3,19.76,0.66,-0.57
82741208-bee6-4bd1-a5c8-9e1f9958fae9,CEEHRC_[CEMT],IHECRE00003694.3,20.90,0.80,-0.66
9d2cba9a-45f5-4de2-8624-ab4b1e3999d5,CEEHRC_[CEMT],IHECRE00003695.3,22.14,0.99,-0.68
32171233-5f92-4b76-b885-b729e42e3d01,CEEHRC_[CEMT],IHECRE00003696.3,21.97,0.78,-0.66
ad2982ea-2e73-4723-aeca-9288775c6cf6,CEEHRC_[CEMT],IHECRE00003820.2,19.32,0.97,-0.26
f84e407c-3154-432d-95c2-cf43508e1780,CEEHRC_[CEMT],IHECRE00003821.3,21.46,0.99,-0.62
a685bec5-8166-4f25-b6b7-2182c91c9b63,CEEHRC_[CEMT],IHECRE00003822.3,41.82,0.99,-0.63
8e1b7167-34d8-467d-9d57-7cad66b9dd71,CEEHRC_[CEMT],IHECRE00003823.2,20.73,0.98,-0.29
40a86563-1529-4177-8efd-a97f1c2d2616,CEEHRC_[CEMT],IHECRE00003824.4,32.40,0.97,0.64
6080b7c0-c42c-4dc9-a173-751d9f17b7df,CEEHRC_[CEMT],IHECRE00003825.5,24.93,0.97,0.58
ba7c8899-b521-457a-bf83-ff025b4e3edb,CEEHRC_[CEMT],IHECRE00003826.4,34.20,0.97,0.62
ec0598d2-803a-4c2a-bf73-eb1292d388be,CEEHRC_[CEMT],IHECRE00003827.1,21.52,0.89,-0.63
c64dae3c-10a3-48d9-a964-67290fe7deb9,CEEHRC_[CEMT],IHECRE00003828.3,23.66,1.00,-0.53
fddc6210-f747-43c0-a829-4179d2355b48,CEEHRC_[CEMT],IHECRE00003829.4,37.85,0.97,0.65
439ed70c-d484-41a1-bed1-981427d93283,CEEHRC_[CEMT],IHECRE00003830.4,33.55,0.97,0.65
b01a805c-5b5a-4218-8d6d-b07f40f86718,CEEHRC_[CEMT],IHECRE00003832.2,22.16,0.99,-0.55
90cf8e92-5e04-4f81-8872-52c332514f64,CEEHRC_[CEMT],IHECRE00003833.4,34.80,0.97,0.65
bfb6ffb5-4724-452a-ba9f-5eee1378fe64,CEEHRC_[CEMT],IHECRE00003834.5,9.47,0.96,0.57
d868d729-c4ab-459e-8032-f78bce29703d,CEEHRC_[CEMT],IHECRE00003835.4,36.13,0.97,0.63
575056d9-0c3c-4fcf-85fb-8cbcf482e8fa,CEEHRC_[CEMT],IHECRE00003836.3,27.03,0.99,-0.36
03a9bf33-1ae6-4583-98ef-b9a0f36378d7,CEEHRC_[CEMT],IHECRE00003837.4,14.16,0.97,0.60
3dec5050-91d7-46cb-9f28-04f042f4437b,CEEHRC_[CEMT],IHECRE00003838.5,31.42,0.97,0.60
6c19dcf0-5087-4141-ae02-77ec77231b4c,CEEHRC_[CEMT],IHECRE00003839.3,22.78,1.00,-0.54
8e8431f1-c7f0-432f-9628-73e44840dc2c,CEEHRC_[CEMT],IHECRE00003841.3,23.88,0.99,-0.52
110bc004-73b9-46ac-8091-896c2bc38f91,CEEHRC_[CEMT],IHECRE00003842.2,23.79,0.99,-0.56
484cdf71-9500-4760-acba-d9fd020165ae,CEEHRC_[CEMT],IHECRE00003843.4,33.82,0.97,0.63
40ece77f-743b-4714-b2dc-c3f95240cde4,CEEHRC_[CEMT],IHECRE00003844.4,31.50,0.97,0.63
64ff74ad-64e7-498a-918b-1b6abadd21e1,CEEHRC_[CEMT],IHECRE00003845.2,34.62,0.99,-0.70
926266cb-60c6-4650-be91-0eb46c851895,CEEHRC_[CEMT],IHECRE00003846.4,48.44,0.97,0.64
5cbeb6f1-134a-4e5e-9212-3eceb2d20619,CEEHRC_[CEMT],IHECRE00003847.4,34.32,0.97,0.66
7b549f1a-3762-4596-abbb-f85d2ac72f0e,CEEHRC_[CEMT],IHECRE00003848.5,10.19,0.96,0.58
952844b7-48b6-4c79-a08a-9346cf745416,CEEHRC_[CEMT],IHECRE00004602.2,15.78,0.90,0.27
4ef5cf82-f443-463f-98d7-016c710763c0,CEEHRC_[CEMT],IHECRE00004603.3,28.59,0.95,0.66
b5f3e0f5-61c3-4e21-96d9-8e6f44464762,CEEHRC_[CEMT],IHECRE00004604.3,29.48,0.95,0.65
0b444a4c-9f1b-46b1-a84c-89daab30ff04,CEEHRC_[CEMT],IHECRE00004605.1,25.27,0.99,-0.55
315f2b85-fa0a-4492-99a8-cb79c583cf4d,CEEHRC_[CEMT],IHECRE00004606.2,54.91,1.00,-0.05
b9b59c05-5e1a-4b3b-ab33-b1ed3c435a9b,CEEHRC_[CEMT],IHECRE00004607.2,52.15,1.00,-0.31
eeda5017-3c96-4443-98c4-8f11fbb6435d,CEEHRC_[CEMT],IHECRE00004608.1,40.73,0.99,-0.62
3085ac72-ef82-4e83-a4ce-50258537cd33,CEEHRC_[CEMT],IHECRE00004609.2,53.48,1.00,-0.19
1572ad09-2d36-4cae-a67b-5fd3924411f5,CEEHRC_[CEMT],IHECRE00004610.2,24.02,1.00,-0.67
dfa77b2f-30e2-4c1d-80dd-a8e3f170f7e6,CEEHRC_[CEMT],IHECRE00004611.2,28.61,0.95,0.66
50e79967-d2bf-4cbf-8367-4b0d2ff202c8,CEEHRC_[CEMT],IHECRE00004612.2,27.03,0.95,0.66
7f7e9ee1-bbe3-4d93-afe8-d69d9011db0a,CEEHRC_[CEMT],IHECRE00004613.1,47.18,1.00,-0.46
d432a8cc-1853-4b92-812e-d08c937c5a9e,CEEHRC_[CEMT],IHECRE00004614.1,43.56,1.00,-0.60
2383aac4-49a9-47b6-a11c-b3c7cf07643a,CEEHRC_[CEMT],IHECRE00004615.1,46.88,1.00,-0.67
4dd7e017-15db-49c9-8cac-6dbf8153b03a,CEEHRC_[CEMT],IHECRE00004616.1,24.96,1.00,-0.65
719e9dbe-7a61-425c-bd31-d7188c646d4d,CEEHRC_[CEMT],IHECRE00004617.2,50.24,1.00,-0.62
06625e4a-4879-4845-9883-2fc87ff28498,CEEHRC_[CEMT],IHECRE00004618.1,50.68,1.00,-0.22
3bb49f96-ab12-4de4-bb07-458b30bbd4bf,CEEHRC_[CEMT],IHECRE00004619.2,20.95,0.99,-0.64
1cb16566-16c2-45fc-811d-1149b0fdedc3,CEEHRC_[CEMT],IHECRE00004726.1,20.76,0.99,-0.65
72ef4325-b241-4d02-b956-e77a6db35a44,CEEHRC_[CEMT],IHECRE00004727.1,19.38,0.99,-0.60
4e5dc84e-b11f-4d62-ad93-04898233346b,CEEHRC_[CEMT],IHECRE00004728.1,21.91,0.99,-0.50
752a002c-963d-4129-b3bd-9d47f33e3fba,AMED-CREST,IHECRE00001873.2,21.72,0.9,0.46
e20ce651-9ce3-4cdc-8797-6061acee2b8b,AMED-CREST,IHECRE00001874.2,19.06,0.91,0.49
5ceedc35-a03a-48be-b509-da5a7c82fb2f,AMED-CREST,IHECRE00001875.2,17.27,0.89,0.48
d906e23f-bd8f-4635-a1da-68505e5344d9,AMED-CREST,IHECRE00001876.2,21.81,0.9,0.44
d679bbf1-be8d-4035-bc56-f027016b751c,AMED-CREST,IHECRE00001877.2,20.04,0.92,0.44
871aa30a-f0a0-44b6-9a4d-1350699cab93,AMED-CREST,IHECRE00001878.2,17.7,0.89,0.46
e605f079-35cd-45c0-b5b5-9966931830f4,AMED-CREST,IHECRE00001879.2,20.22,0.89,0.49
eb4e5754-d231-459a-8451-3023fce19c24,AMED-CREST,IHECRE00001880.2,29.24,0.9,0.47
5f6e80d3-53fd-473d-b1be-37ca0467dabc,AMED-CREST,IHECRE00001952.2,26.4,0.99,0.58
98e77c80-7e5e-4b4a-b662-a372287f45e3,AMED-CREST,IHECRE00001953.2,23.36,0.99,0.53
63c673d0-ca21-4d3e-bdd1-ba5b4f23bffa,AMED-CREST,IHECRE00001954.2,25.78,0.99,0.57
1003a004-4d29-4adc-8c5f-ce7f0a6fc256,AMED-CREST,IHECRE00001955.3,25.95,0.99,0.55
a0ac7953-427b-4be3-bc83-07d439f4b8e3,AMED-CREST,IHECRE00001956.2,26.46,0.88,0.52
077fff9b-fccc-4280-9b7a-a7e549daa96c,AMED-CREST,IHECRE00001957.2,22.32,0.97,0.54
780c1480-e141-4a8b-b729-0887d601c782,AMED-CREST,IHECRE00001958.3,4.06,0.89,0.42
2f726419-ce17-413c-be9a-b23e612a91b5,AMED-CREST,IHECRE00001959.2,25.5,0.98,0.56
20d5f33b-d67f-4858-bb99-88564219321a,AMED-CREST,IHECRE00001960.2,22.57,0.99,0.5
4dc8a069-462c-4a85-a289-8eab1dffa845,AMED-CREST,IHECRE00001961.2,21.69,0.98,0.52
f8fa3c27-141a-44b8-a92a-4fd7cd62a63d,AMED-CREST,IHECRE00001962.2,17.87,0.99,0.49
8f7d3b7e-e2b8-4a8a-92c9-10ee263e0b7f,AMED-CREST,IHECRE00001963.2,22.05,0.99,0.52
24447b50-ced0-40cf-aae3-81a08ee0c3c3,AMED-CREST,IHECRE00001964.2,22.3,0.98,0.52
e2437b3a-743f-4b49-b09e-34c517e270ea,AMED-CREST,IHECRE00001965.2,24.74,0.97,0.54
7bd15033-6b5c-44b4-ab1d-ea9eed4366d5,AMED-CREST,IHECRE00001966.2,25.1,0.88,0.52
090b4365-129b-48f1-a377-2f39da59ce0b,AMED-CREST,IHECRE00003396.1,16.52,0.9,0.39
5da09921-b2b9-4af0-a34d-33c0587e1837,AMED-CREST,IHECRE00003397.1,19.12,0.9,0.35
ae48093f-52e1-40ef-bbb2-5518d4f41ce4,AMED-CREST,IHECRE00003398.1,19.45,0.89,0.45
0125258e-b5dc-4d65-a863-fbb56566b827,AMED-CREST,IHECRE00003399.1,22.09,0.9,0.43
6ccb9c97-5267-40e5-9ef9-dfd0e49c6319,AMED-CREST,IHECRE00003400.1,18.14,0.88,0.45
9a429d64-8609-40eb-89d5-5f32e1a0adb9,AMED-CREST,IHECRE00003401.1,17.7,0.89,0.46
4cdd6ae3-03e7-43ca-899f-ca8d8acf0166,AMED-CREST,IHECRE00003402.2,16.74,0.89,0.48
a27619e7-c280-49f7-96ed-1a2d28e94d5d,AMED-CREST,IHECRE00003403.1,19.89,0.9,0.45
6ec0e955-e3e2-4d82-b74a-601ba13ffc12,AMED-CREST,IHECRE00003404.1,21.89,0.9,0.35
ff94c2f4-5971-46e1-9b5d-e3ebdd4c87a9,AMED-CREST,IHECRE00003405.1,21.44,0.9,0.36
dbac8f8a-a0a5-4b90-a76a-36356c60e4f9,AMED-CREST,IHECRE00003406.1,22.34,0.9,0.39
8bfe59a1-5557-47dd-bf2b-501c681baabc,AMED-CREST,IHECRE00003715.2,22.81,0.98,0.45
76e46fd8-00f4-489e-afc3-acac5e1729e2,AMED-CREST,IHECRE00003716.2,26.86,0.88,0.49
25842df3-5f49-4d22-8421-e64fd3622367,AMED-CREST,IHECRE00003730.1,16.87,0.89,0.49
288914cc-229e-435a-89a7-f79c0b4ae3b8,AMED-CREST,IHECRE00004590.1,5.22,0.8,0.38
bb046c77-7cef-4333-9cef-0d65147130f9,AMED-CREST,IHECRE00004591.1,6.18,0.85,0.38
9a7a4e04-24a2-4955-91c1-7b73af15723e,AMED-CREST,IHECRE00004592.1,5.92,0.85,0.38
d1fa4ae5-b3b1-49de-a44f-fd72a827c649,AMED-CREST,IHECRE00004593.1,6.81,0.84,0.43
0321ca66-b3de-4579-90da-b3e7fa29bb35,AMED-CREST,IHECRE00004594.1,5.2,0.86,0.37
56472b7e-22c7-4495-8c96-6520fd5c43d3,AMED-CREST,IHECRE00004595.1,4.79,0.86,0.36
98373d31-b5c0-4e65-aa74-eb0b757a2417,AMED-CREST,IHECRE00004599.1,5.88,0.85,0.39
a5830328-6594-41a2-9912-05c35c2b2dec,AMED-CREST,IHECRE00004600.1,9.1,0.85,0.42
1972b549-4aab-47e4-b188-44a5428a1194,AMED-CREST,IHECRE00004601.1,5.82,0.86,0.37
0766a925-4c3e-4e03-b21e-017ba8af1a13,DEEP,IHECRE00001895.1,22.68,0.99,-0.15
f1dc6be2-f8eb-4d89-8c4a-06502d2eee77,DEEP,IHECRE00001898.1,19.61,NA,-0.18
5d0ad574-faa8-4888-942b-f8cb8f04a1c1,DEEP,IHECRE00001900.1,24.12,0.68,-0.27
6b09584a-2432-4d62-a2ae-07a4e8c7cb72,DEEP,IHECRE00001901.1,24.57,0.98,0.18
1015176d-cf4d-46da-8c09-7694bf408c4e,DEEP,IHECRE00001902.1,21.44,0.98,0.07
c3c448a4-34ed-4a9a-b6a0-cd956b489c71,DEEP,IHECRE00001903.1,25.24,0.99,-0.54
40683367-35f6-4afc-83c3-b9c80ec7f87d,DEEP,IHECRE00001904.1,24.28,0.99,-0.57
5ca64620-c46a-4ee2-99e4-49e69ced9d51,DEEP,IHECRE00001905.1,23.77,0.99,-0.6
f76edb4e-8305-4b55-b0bf-94b537e504c5,DEEP,IHECRE00001906.1,20.26,0.98,-0.51
69900762-439d-4985-8f18-99e8343e0a36,DEEP,IHECRE00001907.1,20.04,0.99,-0.51
25b590c4-a83d-4b5c-89fe-7d4d44413ef0,DEEP,IHECRE00001908.1,20.69,0.98,-0.49
49fe96bb-0a3b-428a-9645-eba1de43e3de,DEEP,IHECRE00001909.1,25.16,NA,-0.48
8345cd4c-6b87-4e0a-9c3e-692f156910a6,DEEP,IHECRE00001913.1,21.76,0.98,-0.05
a63b7811-389c-4f78-beb2-bc04ac5c3b9d,DEEP,IHECRE00001914.1,20.41,0.98,-0.05
87d54e2b-266f-4d5c-b611-62cab9761b01,DEEP,IHECRE00001915.1,22.03,0.98,-0.14
b060b5fb-5fe3-4f9b-b26e-2949f7220e18,DEEP,IHECRE00001916.1,23.56,0.99,0.37
b682c2ea-63c7-4007-9122-5a77e01b8c26,DEEP,IHECRE00001917.1,21.28,0.98,0.28
46aa59a2-4c4b-4017-af37-b1c8e3b22507,DEEP,IHECRE00001918.1,22.3,0.99,0.22
7b954ba5-ea90-45e7-8ca8-d76b6ef34d6b,DEEP,IHECRE00001921.1,11.3,0.98,0.05
4dde7cda-420d-47f5-907f-6bfa5a40c253,DEEP,IHECRE00001931.1,17.66,0.98,-0.33
89154913-658e-46d8-be8d-81961eb89c07,DEEP,IHECRE00001935.1,26.25,0.98,-0.54
c8e6b7a9-260b-4b8e-ae2c-7b27e75512f2,DEEP,IHECRE00001936.1,18.68,0.98,-0.54
37c449f6-4973-458c-afa2-70b55049e7d7,DEEP,IHECRE00003803.1,18.76,1,-0.48
40e0e3fa-1e45-4aca-8718-c2165bcf75cf,DEEP,IHECRE00003804.1,17.51,0.99,-0.46
70a6cf2e-777e-4adc-9871-1e94dcefff88,DEEP,IHECRE00003805.1,13.28,0.94,0.26
5c6176de-ed8c-42f8-a76c-9d6f2ceb112c,DEEP,IHECRE00003806.1,6.76,0.06,-0.03
135d14a2-f694-4c3a-93d6-f962b12f65b2,DEEP,IHECRE00003808.1,17.21,0.99,-0.49
4a8eab1c-a8e3-4fe6-8afa-f8cd390b14d2,DEEP,IHECRE00003809.1,25.53,0.99,-0.08
7f41fb32-b568-4ab7-a8f0-cc142d5f6bd1,DEEP,IHECRE00003810.1,26.48,0.99,-0.14
f8636454-22ed-433f-afd6-fc4349a16eab,DEEP,IHECRE00003811.1,15.11,0.99,-0.31
6dce013d-4c6b-4453-a92f-e9ee2ce41574,DEEP,IHECRE00003812.1,16.47,0.98,-0.58
beed6357-0e48-4fef-847f-13b7d2654ec7,DEEP,IHECRE00003813.1,18.34,0.99,-0.41
9eb7adce-62fb-48f3-b9ee-1f4bcda149fc,DEEP,IHECRE00003814.1,27.14,0.99,-0.02
44a64c17-cedf-417a-b44e-728db58953c5,DEEP,IHECRE00003816.1,7.48,0.07,-0.06
a795f082-b037-4d2f-bf6b-4f347a8ad9bb,DEEP,IHECRE00003817.1,23.14,0.99,-0.25
39152567-4570-4f37-bdaa-a9c7f34cd8f5,DEEP,IHECRE00003818.1,18.19,1,-0.5
ba7fe806-8a9b-463f-98ba-36e945f0aaf4,DEEP,IHECRE00003819.1,25.42,0.94,0.24
1997d755-f9cd-4c46-bc30-42026f41b1a4,CEEHRC_[EMC_McGill],IHECRE00000639.1,16.05,0.99,-0.41
6a3cf654-895d-447d-8cc4-807a8c37452a,CEEHRC_[EMC_McGill],IHECRE00000642.1,6.71,1,-0.3
613a032b-8db0-4428-b671-f612f612a380,CEEHRC_[EMC_McGill],IHECRE00000645.3,4.03,0.96,-0.52
10c1ca4c-1715-4124-ad9c-9c548e072b5d,CEEHRC_[EMC_McGill],IHECRE00000648.3,13.66,0.99,-0.27
147ae243-9da7-4d1c-b31e-1c713004d029,CEEHRC_[EMC_McGill],IHECRE00000663.3,15.42,0.97,-0.47
39a462ee-4094-4fe7-a377-b861ec4c130d,CEEHRC_[EMC_McGill],IHECRE00000665.1,17.03,0.98,-0.26
e64bd34e-6996-459e-b142-4939afd7022f,CEEHRC_[EMC_McGill],IHECRE00000666.1,15.31,0.97,-0.53
10020945-a531-4f26-9f8d-64226f4170be,CEEHRC_[EMC_McGill],IHECRE00000668.1,6.29,0.99,-0.22
7d895918-ba60-4576-9cc3-4dde452b7d46,CEEHRC_[EMC_McGill],IHECRE00000675.3,13.5,0.94,-0.45
b441927b-257c-471d-b267-524e98f64897,CEEHRC_[EMC_McGill],IHECRE00000682.3,10.7,0.96,-0.65
8072461f-6ff2-44d0-b041-d267d66c4238,CEEHRC_[EMC_McGill],IHECRE00000683.3,13.18,0.99,0.15
1f1d3dfd-c954-49f3-9845-ee35aa61dee7,CEEHRC_[EMC_McGill],IHECRE00000694.3,5.19,-0.02,-0.13
f93bc383-9d7b-4f7d-91e0-e79ea79966fc,CEEHRC_[EMC_McGill],IHECRE00000697.1,16.35,0.98,-0.37
b2ba197d-bacd-401d-b88b-af939f9caafd,CEEHRC_[EMC_McGill],IHECRE00000704.1,15.02,0.97,-0.59
88b7d446-b2ba-4615-a7ac-82661af5b7d5,CEEHRC_[EMC_McGill],IHECRE00000706.3,12.77,0.98,-0.41
3fbf487d-415f-459d-bc87-46d570ff705c,CEEHRC_[EMC_McGill],IHECRE00000709.3,16.5,1,-0.26
34144965-c22b-4214-a65b-c495bc67952d,CEEHRC_[EMC_McGill],IHECRE00000714.1,5.36,0.99,-0.18
dcc3a8a3-eb17-4374-b37e-a66d1827ab23,CEEHRC_[EMC_McGill],IHECRE00000716.3,6.68,0.97,-0.47
a664b28d-9ebd-4705-a49f-858ced01423d,CEEHRC_[EMC_McGill],IHECRE00000717.1,9.71,0.99,-0.35
e33b8e3f-b28d-4ede-9843-d62a303fc36d,CEEHRC_[EMC_McGill],IHECRE00000718.3,13.88,0.96,-0.4
35b992c0-320c-4578-97ae-4323f8b0ac2c,CEEHRC_[EMC_McGill],IHECRE00000721.3,6.81,1,-0.34
106ae276-c6fd-4960-bafa-a2099bc936e0,CEEHRC_[EMC_McGill],IHECRE00000728.1,16.04,0.97,-0.52
307db666-8f21-46d5-b62c-c96a5e2c3247,CEEHRC_[EMC_McGill],IHECRE00000734.3,15.05,0.97,-0.46
44cb7726-eb41-433b-abb8-26d77ce9d6ca,CEEHRC_[EMC_McGill],IHECRE00000738.3,17.15,0.97,-0.43
f6ee8372-4ad1-4786-a173-f604f65cac9e,CEEHRC_[EMC_McGill],IHECRE00000743.1,16.69,0.96,-0.1
f22a937a-2f05-4a1c-92ba-d6628471a02c,CEEHRC_[EMC_McGill],IHECRE00000752.3,7.33,0.97,-0.49
72d8f7a9-819a-4cdd-841c-6a48e33c5674,CEEHRC_[EMC_McGill],IHECRE00000765.1,39.29,0.99,-0.39
49c1707b-3135-4af8-826e-26c3ea7a11b4,CEEHRC_[EMC_McGill],IHECRE00000774.3,6.55,1,-0.61
ba8f042d-0669-4f09-9654-c09844cf8986,CEEHRC_[EMC_McGill],IHECRE00000775.1,6.86,0.99,-0.29
a3f7769a-36ae-4805-aefa-9a61bc52cc3a,CEEHRC_[EMC_McGill],IHECRE00000778.3,10.43,0.98,-0.42
2dff8292-2682-4829-a7da-40cc1afa7b26,CEEHRC_[EMC_McGill],IHECRE00000781.1,14.6,0.98,-0.38
2f94cfc8-badc-4899-9332-4335fa4f2967,CEEHRC_[EMC_McGill],IHECRE00000784.3,14.36,0.99,-0.12
bc494837-0c05-4553-a48c-f2ea3fcf9240,CEEHRC_[EMC_McGill],IHECRE00000785.3,12.06,0.98,0.01
367d1b2d-7914-410d-a750-92faaaacf5d7,CEEHRC_[EMC_McGill],IHECRE00000789.3,6.01,0.96,-0.54
b98cfb94-6e7e-44c3-abc0-015f8138758e,CEEHRC_[EMC_McGill],IHECRE00000800.3,10.29,0.96,-0.56
2c0a7a1d-5bbd-4333-bbf3-62b0c4961d27,CEEHRC_[EMC_McGill],IHECRE00000808.1,17.95,0.97,-0.46
6a5a58a2-5124-48b6-b0cc-43a810a57096,CEEHRC_[EMC_McGill],IHECRE00000810.3,16.05,0.97,-0.58
615231a8-297c-4893-b8f3-9fa0aa94ebc4,CEEHRC_[EMC_McGill],IHECRE00000816.1,6.46,1,-0.26
5fc0c380-302c-40fe-8371-d95c30ab388e,CEEHRC_[EMC_McGill],IHECRE00000817.3,7.16,0.97,-0.53
dc52d085-68e7-4529-98d9-e5a96018cdb4,CEEHRC_[EMC_McGill],IHECRE00000821.3,14.46,0.95,-0.5
dd1c6857-c241-46ff-8a0e-3b0ed975720f,CEEHRC_[EMC_McGill],IHECRE00000823.3,3.8,0.03,0.27
e0c2f110-e07e-4581-8c93-265e5ecf7550,CEEHRC_[EMC_McGill],IHECRE00000828.1,6.83,0.96,-0.58
875758c5-17e3-4c48-90f4-1f79e31fcbb0,CEEHRC_[EMC_McGill],IHECRE00000829.3,10.25,0.98,-0.62
7271a973-861c-4765-a17b-767fba07431d,CEEHRC_[EMC_McGill],IHECRE00000831.3,13.67,0.99,-0.06
d42c4faa-a9b1-4b77-bd32-57cadb4e8232,CEEHRC_[EMC_McGill],IHECRE00000833.3,6.05,0.99,-0.19
4ca7e815-5ed9-4cf8-92f2-c9b1eeabaa19,CEEHRC_[EMC_McGill],IHECRE00000843.1,16.58,1,-0.4
8f1cec96-4bfa-4aa3-9f9f-fcca1d78af7b,CEEHRC_[EMC_McGill],IHECRE00000845.3,6.47,0.99,-0.19
1e871481-5425-4b66-9604-9ba62448eaf0,CEEHRC_[EMC_McGill],IHECRE00000848.3,19.3,0.99,-0.34
aa08d225-e16a-448f-b9ad-fb79bed0b958,CEEHRC_[EMC_McGill],IHECRE00000849.3,16.29,1,-0.35
46c3b031-a93c-4f9c-b78a-200cffb040e9,CEEHRC_[EMC_McGill],IHECRE00000857.1,6.73,0.99,-0.27
242ac157-45d3-4f3d-8067-151e5e52dcbe,CEEHRC_[EMC_McGill],IHECRE00000864.3,15.23,0.99,-0.27
0b92be18-a813-42e0-97cb-876c5878526f,CEEHRC_[EMC_McGill],IHECRE00000866.3,22.15,0.98,-0.34
84740963-b010-4305-b319-2f6fc79a6b58,CEEHRC_[EMC_McGill],IHECRE00000867.3,19.32,0.96,-0.38
33e7de19-3b14-45e1-aa10-c3a99244993b,CEEHRC_[EMC_McGill],IHECRE00000868.3,20.93,0.99,-0.25
7c010491-5231-4291-8882-262d09c59080,CEEHRC_[EMC_McGill],IHECRE00000871.3,6.92,0.97,-0.39
6da512d6-6f21-4591-b925-7889e596549c,CEEHRC_[EMC_McGill],IHECRE00000875.3,7.3,1,-0.3
10273b8a-254b-4c0e-830c-fe7306a0f31d,CEEHRC_[EMC_McGill],IHECRE00000878.1,9.03,0.98,-0.57
00a46643-1e5f-49a3-bf57-33e750b4c81f,CEEHRC_[EMC_McGill],IHECRE00000882.3,7.55,0.99,-0.21
1fa2100f-f1ec-419c-bc4e-70cd74bce07f,CEEHRC_[EMC_McGill],IHECRE00000886.3,15.82,0.97,-0.63
798a59e9-137e-4084-872a-756620680831,CEEHRC_[EMC_McGill],IHECRE00000887.1,7.53,0.95,-0.56
ffb45251-f6ae-4dd9-9e98-8968ff30d21d,CEEHRC_[EMC_McGill],IHECRE00000889.3,7.82,0.99,-0.25
512e805b-8acb-4436-a150-1395c32a95b9,CEEHRC_[EMC_McGill],IHECRE00000891.3,15.59,0.97,-0.58
b4fe0351-a0d7-4dea-8963-8f54760eaaf9,CEEHRC_[EMC_McGill],IHECRE00000898.3,5.85,0.96,-0.16
8763059a-6e38-4ccd-b14e-f787ed60fac6,CEEHRC_[EMC_McGill],IHECRE00000911.3,6.5,1,-0.17
24912775-683f-414a-b2e1-35735bac7337,CEEHRC_[EMC_McGill],IHECRE00000912.3,7.27,0.97,-0.48
e93891c6-e49f-4d57-ab3c-17db1f571dff,CEEHRC_[EMC_McGill],IHECRE00000915.1,9.68,0.97,-0.59
0fad140f-c9a5-4da6-b789-485e11b7bdf3,CEEHRC_[EMC_McGill],IHECRE00001973.1,11.18,0.99,-0.54
dcf00217-dcad-4add-88f9-2e2786545571,CEEHRC_[EMC_McGill],IHECRE00001974.1,7.32,0.97,-0.36
ee9d2b5c-c526-4a2d-9787-adce6f5cc852,CEEHRC_[EMC_McGill],IHECRE00001977.1,6.66,0.96,-0.51
aee653eb-6de9-4688-bea7-6226aefe4da4,CEEHRC_[EMC_McGill],IHECRE00001978.1,32.15,0.59,-0.5
9792db7b-2c4d-47dc-bc91-1c62ea0253f3,CEEHRC_[EMC_McGill],IHECRE00001984.1,22.3,0.99,-0.5
c8bf8066-080f-4d54-82e4-682981222e12,CEEHRC_[EMC_McGill],IHECRE00001987.1,6.74,1,-0.36
7534a509-261e-47f9-9c99-6af2eb023cdc,CEEHRC_[EMC_McGill],IHECRE00001990.1,11.85,0.99,-0.49
d94e2a77-e8fd-4dda-8b1a-20117f58c057,CEEHRC_[EMC_McGill],IHECRE00001992.1,33.43,0.38,-0.46
971c3784-75fe-4b51-9aa8-04aa8174e6f4,CEEHRC_[EMC_McGill],IHECRE00001997.1,18.06,0.99,-0.52
ebf69e06-c387-4768-b3c3-976d5f996cf5,CEEHRC_[EMC_McGill],IHECRE00002005.1,34.17,0.99,-0.56
1e2e1612-27c5-4933-8d94-3446c827667a,CEEHRC_[EMC_McGill],IHECRE00002027.1,4.63,1,-0.26
81b719f4-a282-43cd-8a51-a6ac0d9922e8,CEEHRC_[EMC_McGill],IHECRE00002029.1,22.74,0.35,-0.51
f9abe725-b2ec-4777-9cfa-c27be52a7609,CEEHRC_[EMC_McGill],IHECRE00002033.1,7.7,1,-0.17
e935db7f-934d-445e-a7ca-0450bcb85573,CEEHRC_[EMC_McGill],IHECRE00002042.1,6.12,1,-0.35
d1ef9617-885e-4ed0-909a-ee714adcde82,CEEHRC_[EMC_McGill],IHECRE00002043.1,7.46,0.91,-0.08
da38f5ca-b247-4012-8d34-c1c40c517ad9,CEEHRC_[EMC_McGill],IHECRE00002048.1,34.29,0.56,-0.37
02bd77c4-e807-4040-85bb-c852ada36e03,CEEHRC_[EMC_McGill],IHECRE00002052.1,32.77,0.4,-0.49
9c183ab2-ae5e-4388-a504-d0ffbc4bb60a,CEEHRC_[EMC_McGill],IHECRE00002058.1,19.96,0.99,-0.57
2ff7bd4d-b35e-45d8-ac4b-8488a672dad8,CEEHRC_[EMC_McGill],IHECRE00002060.1,7.45,0.96,-0.39
fadeafbd-e8f2-4d05-8679-993be939cced,CEEHRC_[EMC_McGill],IHECRE00002061.1,22.99,0.71,0.49
ad373be4-9739-4cbd-9f33-0ddd3ce45304,CEEHRC_[EMC_McGill],IHECRE00002063.1,22.57,0.99,-0.53
04509f1b-08a5-4b8f-8aa8-ef7921104f37,CEEHRC_[EMC_McGill],IHECRE00002065.1,15.95,0.99,-0.53
79074ada-c2f7-4829-a53f-1093849dd1b7,CEEHRC_[EMC_McGill],IHECRE00002067.1,11.3,0.99,-0.47
22b1e818-8187-4041-ad90-523fe261c242,CEEHRC_[EMC_McGill],IHECRE00002071.1,38.59,0.89,-0.36
dac7d3a5-9a13-4249-9603-80bcf109414c,CEEHRC_[EMC_McGill],IHECRE00002074.1,19.97,0.98,-0.57
61e02e1e-4b32-4701-8bb9-861c4c95e0ef,CEEHRC_[EMC_McGill],IHECRE00002076.1,16.91,0.99,-0.54
7ad1ee11-bdd1-4607-a385-226e88c6f940,CEEHRC_[EMC_McGill],IHECRE00002086.1,20.74,0.99,-0.52
0fe95a04-1770-42be-8286-298eef090589,CEEHRC_[EMC_McGill],IHECRE00002087.1,4.85,1,-0.33
a27ed975-be5e-4816-95f3-5d4670d94397,ENCODE,IHECRE00001851.4,46.68,0.99,-0.58
16a9c70b-1d70-49a6-8d42-39e7d9cdcb5c,ENCODE,IHECRE00001852.4,53.63,0.96,-0.64
9e01114c-5260-4616-8a83-5c1e8d0b260d,ENCODE,IHECRE00001854.4,56.78,0.99,-0.64
02c43818-6ef8-445f-b9c0-778b582d1e7f,ENCODE,IHECRE00001856.4,54.32,0.99,-0.62
e008b127-093b-47e6-9ea1-7839e7051948,ENCODE,IHECRE00001887.4,41.36,0.98,-0.40
710c067c-b282-4bec-ae32-587c9d1aeaa8,ENCODE,IHECRE00001888.4,28.35,0.93,-0.61
2f2827bb-ebda-4240-a3fa-017307c433ff,ENCODE,IHECRE00001889.4,32.32,0.95,-0.51
5ecc14b9-2b0a-47a5-b2b9-02530193b9bf,ENCODE,IHECRE00001891.4,60.97,0.95,-0.56
40ba88d9-d4ef-4ec3-b225-17f30bfcae20,ENCODE,IHECRE00001892.4,42.96,0.98,-0.57
2b4a5256-90d7-436b-b845-fd73942520bd,ENCODE,IHECRE00001893.4,37.32,0.99,-0.44
f42a7a2d-78e0-4c18-8807-460f79cc7b40,ENCODE,IHECRE00004622.3,18.41,0.99,-0.59
941feece-ba63-42f9-becf-fae33e0c37fa,ENCODE,IHECRE00004628.3,38.02,0.99,-0.70
fc738b81-e7b1-4701-8a40-774bcfd81712,ENCODE,IHECRE00004635.3,48.85,0.99,-0.72
9bdf063f-d256-4fc3-8e07-08f4d11b3486,ENCODE,IHECRE00004637.3,19.20,0.99,-0.66
83b6493d-fafd-4aff-8589-d843065300a8,ENCODE,IHECRE00004641.3,27.41,0.99,-0.69
a935bd14-c993-4119-be2a-9d676209ae93,ENCODE,IHECRE00004643.3,18.40,0.99,-0.60
06f4de79-c10f-4071-8d7f-0adcbfc12b16,ENCODE,IHECRE00004647.3,21.91,0.99,-0.66
79b5428a-a5c6-4661-8d5b-4bf8cdcd8ed8,ENCODE,IHECRE00004648.3,15.60,0.99,-0.69
4c955b75-4b3f-4da4-8fc9-a09da9bbdb34,ENCODE,IHECRE00004649.3,20.95,0.98,-0.71
16f5ba82-e186-4d82-8e57-615dba68ce0e,ENCODE,IHECRE00004655.3,25.98,0.99,-0.69
f65e322c-662a-49f8-b99f-99d6c1fdfb49,ENCODE,IHECRE00004656.3,17.70,0.99,-0.67
3444ef38-86dd-4745-855a-b7afe308533e,ENCODE,IHECRE00004660.3,13.13,0.99,-0.64
62c8cb9c-849d-4391-a84f-be05ffafeb33,ENCODE,IHECRE00004664.3,23.81,0.99,-0.70
d9aed219-c9c9-4346-a371-ca767e58b517,ENCODE,IHECRE00004679.3,5.77,0.99,-0.53
2dec01d8-35dc-476b-ae79-19df49b033b4,ENCODE,IHECRE00004681.3,11.58,0.99,-0.65
e82819b8-e44c-472d-a7e4-de4eaea88c64,ENCODE,IHECRE00004694.3,48.95,0.99,-0.63
7b800a77-1130-45f6-8a38-6efdf2aef39c,ENCODE,IHECRE00004703.3,19.21,0.99,-0.67
c4989c47-0a86-4e60-9a96-0019647d527f,EpiHK,IHECRE00004713.2,25.25,0.99,0.30
376a9e06-7ab9-45ec-9453-ad5129b61f61,Korea_Epigenome_Project_(KNIH),IHECRE00001862.2,30.16,1,-0.57
9ad1f4ca-f6d4-4536-933f-e94f8689f013,Korea_Epigenome_Project_(KNIH),IHECRE00001863.2,32.88,1,-0.41
62aa0c97-6a99-4b1b-9cf2-8d27a52648ac,Korea_Epigenome_Project_(KNIH),IHECRE00001864.2,34.08,1,-0.28
9f2b9ec1-6427-4f31-abe8-4c575c9357c8,Korea_Epigenome_Project_(KNIH),IHECRE00001865.2,37.28,1,-0.14
5b7c9fb4-c15b-42ad-8087-3ec57a224c0e,Korea_Epigenome_Project_(KNIH),IHECRE00001866.2,33.48,1,-0.45
0804ac17-3e21-48a3-9420-7c154681a1f8,Korea_Epigenome_Project_(KNIH),IHECRE00001867.2,32.76,1,-0.3
e048488f-cbcb-423d-a334-6bfecb820737,Korea_Epigenome_Project_(KNIH),IHECRE00001868.2,32.71,1,-0.44
f6b95948-0f4f-47f4-a90c-9ac6ca2d465e,Korea_Epigenome_Project_(KNIH),IHECRE00001869.2,32.51,1,-0.4
accfe7c9-75a2-4893-97f8-efb49eaaa59b,Korea_Epigenome_Project_(KNIH),IHECRE00001870.2,39.71,1,-0.43
cc8c64fe-5dea-4d2b-b98c-c3afd6518745,Korea_Epigenome_Project_(KNIH),IHECRE00001871.2,38.99,1,-0.09
26ab65c3-3c0a-4d1c-b696-b08b94d0f735,Korea_Epigenome_Project_(KNIH),IHECRE00001872.2,36.06,1,-0.29
0fbe15c0-99b8-4f39-b346-309d2c5152f1,Korea_Epigenome_Project_(KNIH),IHECRE00003717.1,30.39,0.97,0.43
a9e409c2-d6b6-4e0b-ba6e-f9a66b538ebe,Korea_Epigenome_Project_(KNIH),IHECRE00003718.1,30.76,0.97,0.4
6c7c4ddb-bbc0-4ea3-bdbf-a4afceb80540,Korea_Epigenome_Project_(KNIH),IHECRE00003719.1,31.16,0.97,0.42
e2b5aaf2-04fb-4668-9167-917680122dd0,Korea_Epigenome_Project_(KNIH),IHECRE00003720.1,31.29,0.97,0.42
0f284baf-1ba0-43ff-a431-fb14f116dd15,Korea_Epigenome_Project_(KNIH),IHECRE00003721.1,32.43,0.97,0.4
cb9d0341-d056-4376-9759-a471a419cdfe,Korea_Epigenome_Project_(KNIH),IHECRE00003722.1,31.01,0.97,0.41
c458a640-7870-4934-9677-78ad1f46b4f8,Korea_Epigenome_Project_(KNIH),IHECRE00003723.1,32.12,0.97,0.43
154c300c-4dd4-4373-9c9f-eb813b180620,Korea_Epigenome_Project_(KNIH),IHECRE00003724.1,27.02,0.96,0.38
9c20448c-b70f-4b95-bef4-241084c0f25a,Korea_Epigenome_Project_(KNIH),IHECRE00003725.1,25.53,0.96,0.46
1d7f9ac4-1ba5-4992-943d-cf30717fbebd,Korea_Epigenome_Project_(KNIH),IHECRE00003726.1,24.18,0.96,0.45
b80c3a87-d4b1-4222-b171-2ea145054cb9,Korea_Epigenome_Project_(KNIH),IHECRE00003727.1,26.33,0.97,0.46
ffe0bf5c-4380-430b-a1ac-081fda962e3f,Korea_Epigenome_Project_(KNIH),IHECRE00003728.1,25.56,0.96,0.46
7a2566c5-931f-448a-bf42-280dd1d20d23,Korea_Epigenome_Project_(KNIH),IHECRE00003729.1,15.12,0.94,0.4
306b4323-52bb-4e79-97b1-d8a236d7e7d1,Korea_Epigenome_Project_(KNIH),IHECRE00003731.1,15.22,0.96,0.45
93a45edd-a350-445f-b4b6-d2ea757193cd,Korea_Epigenome_Project_(KNIH),IHECRE00003732.1,15.38,0.96,0.45
677c697e-a898-429b-b065-919a2784cc5f,Korea_Epigenome_Project_(KNIH),IHECRE00003733.1,11,0.93,0.33
dd93d87d-267c-4192-ae4f-9c67fd485926,Korea_Epigenome_Project_(KNIH),IHECRE00003734.1,13.03,0.95,0.34
9cf540fb-5340-46de-a007-8a0dcdb76c64,Korea_Epigenome_Project_(KNIH),IHECRE00003735.1,15.96,0.96,0.46
209a8a2a-9813-458d-a71b-6781c31650c8,Korea_Epigenome_Project_(KNIH),IHECRE00003736.1,10.02,0.92,0.3
837b97b9-c504-4887-b5c2-84dfedf21ed2,Korea_Epigenome_Project_(KNIH),IHECRE00003737.1,15.89,0.96,0.46
d5734120-7671-4022-96d7-4126a66aa743,Korea_Epigenome_Project_(KNIH),IHECRE00003738.1,13.32,0.96,0.43
7fd88d8c-2f34-406f-995c-bfc4235955b5,Korea_Epigenome_Project_(KNIH),IHECRE00003739.1,23.98,0.95,0.43
3e848d64-3775-47e9-8c99-33bd547f39f2,Korea_Epigenome_Project_(KNIH),IHECRE00003740.1,15.58,0.96,0.46
c87e0d4e-736c-47ab-8668-9259fcf576ef,Korea_Epigenome_Project_(KNIH),IHECRE00003741.1,12.91,0.94,0.34
283ed09a-01fc-473a-95bb-c5a8d374dd8a,Korea_Epigenome_Project_(KNIH),IHECRE00003742.1,13.68,0.96,0.44
bb86291e-dced-45ca-8169-cfe64531e9c6,Korea_Epigenome_Project_(KNIH),IHECRE00003743.1,13.13,0.94,0.35
49594f8a-8dd8-47f3-989d-3aa48f1dd6c4,NIH_Roadmap_Epigenomics,IHECRE00000928.6,47.34,1,-0.64
f5278b06-c9b8-46b2-849e-2b59f23f62a6,NIH_Roadmap_Epigenomics,IHECRE00000936.6,45.87,1,-0.6
a2fd268b-cd3a-406d-a3f6-54a57d539d32,NIH_Roadmap_Epigenomics,IHECRE00000938.6,73.4,1,-0.33
783e3f80-01ea-4ee4-90ba-ba03c0837326,NIH_Roadmap_Epigenomics,IHECRE00000942.5,51.5,0.99,-0.39
fcb5adcd-9c24-42f2-ab2b-be82797b867b,NIH_Roadmap_Epigenomics,IHECRE00000943.6,42.01,0.99,0.45
4f3d194e-ab9b-489f-894e-1d20f244deb2,NIH_Roadmap_Epigenomics,IHECRE00000949.5,10.83,0.95,-0.53
8620b265-2aeb-45f8-8884-4c72fa3dc313,NIH_Roadmap_Epigenomics,IHECRE00000953.6,44.93,1,-0.59
fe83ac65-9076-47c5-ba53-dbe8be84959b,NIH_Roadmap_Epigenomics,IHECRE00000957.6,82.09,1,-0.46
942f1369-6cc9-4981-b344-17e2243cac70,NIH_Roadmap_Epigenomics,IHECRE00000961.5,75.57,NA,0.54
31d9c73e-0c11-4ae5-ac71-925541b13161,NIH_Roadmap_Epigenomics,IHECRE00000964.6,51.61,1,-0.35
e8b8fa97-b5e8-4cfd-9266-47ff6315f20e,NIH_Roadmap_Epigenomics,IHECRE00000969.6,47.91,1,-0.57
b832bf7e-cbf7-4f31-9480-65ed41d3e911,NIH_Roadmap_Epigenomics,IHECRE00000970.6,95.89,NA,0.62
1d335752-b3ef-4955-a622-15f164eb97cb,NIH_Roadmap_Epigenomics,IHECRE00000972.5,51.03,1,-0.26
abde1648-7e08-429c-a191-eed5d3ec25ca,NIH_Roadmap_Epigenomics,IHECRE00000974.6,35.81,0.99,0.39
4e6f6e8c-026b-42be-bc7c-620d4be2f03d,NIH_Roadmap_Epigenomics,IHECRE00000980.7,61.56,1,-0.59
b3def310-d7b5-429c-b2da-abdb332862fa,NIH_Roadmap_Epigenomics,IHECRE00000981.5,64.45,-0.01,0.59
f0c9cd87-fa0d-4382-aaf8-2dceb8594881,NIH_Roadmap_Epigenomics,IHECRE00000983.6,65.79,1,-0.39
5c43b952-15ea-433a-b5eb-4ce01676f5e9,NIH_Roadmap_Epigenomics,IHECRE00000985.6,22.84,0.99,0.23
757ad7a2-1640-48ef-ba4b-1a3e0888611b,NIH_Roadmap_Epigenomics,IHECRE00000987.5,14.88,0.96,-0.63
d163bc7b-efba-40eb-9f28-664f2b9cd5b4,NIH_Roadmap_Epigenomics,IHECRE00000992.6,33.57,0.99,0.24
1c38ca0b-8b38-455a-9f8a-29ab5cbaf9f6,NIH_Roadmap_Epigenomics,IHECRE00000997.6,34.5,0.99,0.36
8462f5c0-079d-4c65-b838-d3aa33ed4237,NIH_Roadmap_Epigenomics,IHECRE00000999.6,27.1,0.99,0.31
5c7093f3-051c-4def-891e-c5eeb93f6e3e,NIH_Roadmap_Epigenomics,IHECRE00001023.6,24.74,0.99,-0.27
d34a4e57-c8c8-413d-ab6d-b8cd34847608,NIH_Roadmap_Epigenomics,IHECRE00001025.6,88.65,1,-0.25
d9db3024-a6eb-4589-abc6-726ce59346d5,NIH_Roadmap_Epigenomics,IHECRE00001027.6,62.28,1,-0.6
ea5fb8f9-153a-4599-b5cc-1d61d75c602e,NIH_Roadmap_Epigenomics,IHECRE00001030.6,52.62,1,-0.26
998c2cec-0f47-42e2-aa3e-ee9ac725f0a9,NIH_Roadmap_Epigenomics,IHECRE00001039.5,64.37,0.02,0.48
796215ab-ba02-4338-850c-ff51e68809f6,NIH_Roadmap_Epigenomics,IHECRE00001041.6,37.79,0.92,0.08
1482becf-7080-4f33-ab3f-0b0e0d331ab2,NIH_Roadmap_Epigenomics,IHECRE00001044.6,36.22,1,0.6
8cf95570-e40c-4e6e-8ba3-fc5b93cd8201,NIH_Roadmap_Epigenomics,IHECRE00001050.6,20.29,0.92,-0.33
3316ebd3-0bcb-4896-84dd-6c0eb128ae53,NIH_Roadmap_Epigenomics,IHECRE00004875.1,4.06,0.98,-0.26
59481737-5f3a-4213-a57d-7491c642c1b7,NIH_Roadmap_Epigenomics,IHECRE00004876.1,16.85,0.98,-0.61
dba61413-b5ef-40c8-b6ce-71866fdaf876,NIH_Roadmap_Epigenomics,IHECRE00004878.1,5.34,0.98,-0.28
6889e1d4-7942-4efa-a551-3a223341bce6,NIH_Roadmap_Epigenomics,IHECRE00004881.1,23.92,0.98,-0.41
68a4d15f-583f-4b7c-965f-007349abd331,NIH_Roadmap_Epigenomics,IHECRE00004882.1,15.76,0.98,-0.33
c6be9de0-8eb7-44f4-818a-313f584e404e,NIH_Roadmap_Epigenomics,IHECRE00004884.1,22.43,0.99,-0.43
11481e56-cd4d-40d2-b0b3-a08f2a27f59c,NIH_Roadmap_Epigenomics,IHECRE00004885.1,14.46,0.99,-0.66
d4f61142-3d52-45e1-97dd-b05874cfef08,NIH_Roadmap_Epigenomics,IHECRE00004886.1,23.38,0.98,-0.45
c18ebaf2-67af-443a-80fe-690bc761c6ce,NIH_Roadmap_Epigenomics,IHECRE00004887.1,21.81,0.99,-0.24
78564007-a404-478d-8dc9-6966f461b9dd,NIH_Roadmap_Epigenomics,IHECRE00004888.1,14.4,0.99,-0.54
45fc852e-4cd1-46d5-89ad-cd0b202c816c,NIH_Roadmap_Epigenomics,IHECRE00004889.1,22.71,0.98,-0.49
63f70e22-8dbb-4f29-869c-eaf50e5587da,NIH_Roadmap_Epigenomics,IHECRE00004890.1,19.42,0.98,-0.37
0cd95175-4f14-42e0-8b28-0e45679d6a10,NIH_Roadmap_Epigenomics,IHECRE00004892.1,15.19,0.99,-0.55
aa23eabc-21d0-4ddd-8aee-2312a43e7f29,NIH_Roadmap_Epigenomics,IHECRE00004893.1,4.98,0.98,-0.24
62822f64-40bb-47df-9ea8-49f125c24fe9,NIH_Roadmap_Epigenomics,IHECRE00004896.1,5.16,0.99,-0.34
f8dd4c43-4b69-4097-a889-aedb4350680b,NIH_Roadmap_Epigenomics,IHECRE00004899.1,16.49,0.98,-0.31
90d5c1d8-0408-46cb-99a7-ae01f381dd6c,NIH_Roadmap_Epigenomics,IHECRE00004900.1,20.91,0.98,-0.4
fa9033a7-ee2c-4a9f-8820-be2972e45eb3,NIH_Roadmap_Epigenomics,IHECRE00004901.1,50.13,1.00,-0.55
2c9643b0-ca96-4a6e-9358-a50dc15b5f30,NIH_Roadmap_Epigenomics,IHECRE00004903.1,15.44,0.98,-0.5
c63f6a59-9c48-4c03-87a6-9c312e2158d5,NIH_Roadmap_Epigenomics,IHECRE00004904.1,21.42,0.99,-0.16
6a175fe2-eb9c-4c6c-81e2-20a76f3fb0ae,NIH_Roadmap_Epigenomics,IHECRE00004905.1,4.19,0.97,-0.22
90f883d3-b8bf-44b2-82b8-25ae916de380,NIH_Roadmap_Epigenomics,IHECRE00004906.1,20.8,0.98,-0.44
6531a635-40fe-4a72-b420-88e966d0ba7a,NIH_Roadmap_Epigenomics,IHECRE00004907.1,4.53,0.98,-0.26
09a2a4c6-8f7d-45ca-855c-7a2c869188fa,NIH_Roadmap_Epigenomics,IHECRE00004911.1,13.3,0.98,-0.46
099b47de-bb6c-4b27-a923-e9b2a7cb6d52,NIH_Roadmap_Epigenomics,IHECRE00004912.1,4.37,0.98,-0.36
